PRAGMA foreign_keys = OFF;

DROP TABLE IF EXISTS attendance;
DROP TABLE IF EXISTS salaries;
DROP TABLE IF EXISTS employees;
DROP TABLE IF EXISTS positions;
DROP TABLE IF EXISTS departments;

-- departments
CREATE TABLE departments (
  id INTEGER PRIMARY KEY,
  name TEXT NOT NULL
);
INSERT INTO departments (id, name) VALUES
  (1, '営業部'),
  (2, '開発部'),
  (3, '人事部'),
  (4, '経理部'),
  (5, '企画部'),
  (6, 'マーケティング部'),
  (7, '法務部'),
  (8, 'カスタマーサポート'),
  (9, '情報システム部'),
  (10, '広報部');

-- positions
CREATE TABLE positions (
  id INTEGER PRIMARY KEY,
  title TEXT NOT NULL
);
INSERT INTO positions (id, title) VALUES
  (1, '一般社員'),
  (2, '主任'),
  (3, '係長'),
  (4, '課長'),
  (5, '部長'),
  (6, '本部長'),
  (7, '執行役員'),
  (8, '取締役'),
  (9, 'アルバイト'),
  (10, '契約社員'),
  (11, 'インターン'),
  (12, 'マネージャー'),
  (13, 'チームリーダー'),
  (14, '技術スペシャリスト');

-- employees
CREATE TABLE employees (
  id INTEGER PRIMARY KEY,
  name TEXT NOT NULL,
  age INTEGER,
  gender TEXT CHECK(gender IN ('M', 'F')),
  email TEXT,
  phone TEXT,
  hire_date TEXT,
  department_id INTEGER,
  position_id INTEGER,
  FOREIGN KEY (department_id) REFERENCES departments(id),
  FOREIGN KEY (position_id) REFERENCES positions(id)
);
INSERT INTO employees (id, name, age, gender, email, phone, hire_date, department_id, position_id) VALUES
  (1, '田中 太郎', 28, 'M', 'tanaka@example.com', '090-1234-5678', '2019-04-01', 1, 2),
  (2, '山本 花子', 34, 'F', 'yamamoto@example.com', '080-2345-6789', '2017-06-15', 2, 4),
  (3, '佐藤 健', 45, 'M', 'sato@example.com', '090-3456-7890', '2010-11-20', 3, 5),
  (4, '高橋 真理', 29, 'F', 'takahashi@example.com', '070-4567-8901', '2021-03-10', 4, 1),
  (5, '鈴木 次郎', 31, 'M', 'suzuki@example.com', '090-5678-9012', '2018-08-01', 5, 3),
  (6, '中村 美咲', 27, 'F', 'misaki.nakamura@example.com', '080-6789-1122', '2022-02-14', 1, 1),
  (7, '伊藤 健太', 30, 'M', 'kenta.ito@example.com', '090-8899-5566', '2020-09-01', 2, 2),
  (8, '渡辺 裕子', 41, 'F', 'hiroko.watanabe@example.com', '080-1122-3344', '2015-07-23', 3, 3),
  (9, '加藤 翔太', 36, 'M', 'shota.kato@example.com', '070-9988-7766', '2018-01-10', 4, 2),
  (10, '山口 彩', 33, 'F', 'aya.yamaguchi@example.com', '090-4455-6677', '2016-05-11', 5, 3),
  (11, '斎藤 大地', 38, 'M', 'daichi.saito@example.com', '080-2233-8899', '2012-04-01', 1, 4),
  (12, '小林 直子', 29, 'F', 'naoko.kobayashi@example.com', '070-3344-5566', '2021-06-15', 2, 1),
  (13, '藤田 拓海', 26, 'M', 'takumi.fujita@example.com', '090-6677-8899', '2023-01-20', 3, 1),
  (14, '岡田 美優', 32, 'F', 'miyu.okada@example.com', '080-5566-7788', '2019-10-01', 4, 2),
  (15, '三浦 健一', 47, 'M', 'kenichi.miura@example.com', '070-7788-9900', '2008-12-12', 5, 5),
  (16, '石井 結衣', 24, 'F', 'yui.ishii@example.com', '090-1122-3344', '2024-04-01', 1, 1),
  (17, '森田 一樹', 31, 'M', 'kazuki.morita@example.com', '080-2233-4455', '2020-03-03', 2, 2),
  (18, '原田 舞', 40, 'F', 'mai.harada@example.com', '070-3344-5566', '2013-09-09', 3, 4),
  (19, '橋本 駿', 28, 'M', 'shun.hashimoto@example.com', '090-4455-6677', '2022-07-07', 4, 2),
  (20, '青木 沙織', 35, 'F', 'saori.aoki@example.com', '080-5566-7788', '2017-11-11', 5, 3),
  (21, '池田 悠斗', 42, 'M', 'yuto.ikeda@example.com', '070-6677-8899', '2010-01-01', 1, 5),
  (22, '松本 美咲', 30, 'F', 'misaki.matsumoto@example.com', '090-7788-9900', '2020-06-06', 2, 1),
  (23, '井上 翔太', 33, 'M', 'shota.inoue@example.com', '080-1122-3344', '2018-08-08', 3, 3),
  (24, '今井 菜々子', 25, 'F', 'nanako.imai@example.com', '070-2233-4455', '2023-05-05', 4, 1),
  (25, '松田 大和', 39, 'M', 'yamato.matsuda@example.com', '090-3344-5566', '2011-03-03', 5, 4),
  (26, '島田 梨花', 28, 'F', 'rika.shimada@example.com', '080-4455-6677', '2021-02-02', 1, 1),
  (27, '川口 悠人', 37, 'M', 'yuto.kawaguchi@example.com', '070-5566-7788', '2016-04-04', 2, 3),
  (28, '長谷川 愛', 29, 'F', 'ai.hasegawa@example.com', '090-6677-8899', '2019-09-09', 3, 2),
  (29, '小松 亮', 43, 'M', 'ryo.komatsu@example.com', '080-7788-9900', '2009-10-10', 4, 5),
  (30, '吉田 智子', 26, 'F', 'tomoko.yoshida@example.com', '070-8899-0011', '2022-12-12', 5, 1),
  (31, '村上 大地', 34, 'M', 'daichi.murakami@example.com', '090-1122-2233', '2017-01-15', 1, 3),
  (32, '竹内 結菜', 27, 'F', 'yuna.takeuchi@example.com', '080-3344-4455', '2021-07-20', 2, 1),
  (33, '西村 涼', 36, 'M', 'ryo.nishimura@example.com', '070-5566-6677', '2014-02-02', 3, 3),
  (34, '安藤 真由', 31, 'F', 'mayu.ando@example.com', '090-7788-8899', '2020-05-15', 4, 2),
  (35, '大野 隼人', 38, 'M', 'hayato.ohno@example.com', '080-9900-1122', '2012-06-06', 5, 4),
  (36, '藤井 麻衣', 28, 'F', 'mai.fujii@example.com', '070-2233-3344', '2022-08-08', 1, 1),
  (37, '上田 拓真', 30, 'M', 'takuma.ueda@example.com', '090-4455-5566', '2019-10-01', 2, 2),
  (38, '小野 美月', 29, 'F', 'mizuki.ono@example.com', '080-6677-7788', '2021-03-03', 3, 1),
  (39, '石田 海翔', 44, 'M', 'kaito.ishida@example.com', '070-8899-9900', '2007-09-09', 4, 5),
  (40, '岡本 彩香', 27, 'F', 'ayaka.okamoto@example.com', '090-1122-3344', '2022-11-11', 5, 1),
  (41, '前田 翼', 35, 'M', 'tsubasa.maeda@example.com', '080-2233-4455', '2016-12-12', 1, 3),
  (42, '田村 千夏', 33, 'F', 'chinatsu.tamura@example.com', '070-3344-5566', '2018-07-07', 2, 2),
  (43, '石橋 優斗', 40, 'M', 'yuto.ishibashi@example.com', '090-4455-6677', '2011-01-01', 3, 4),
  (44, '村田 真琴', 26, 'F', 'makoto.murata@example.com', '080-5566-7788', '2023-06-06', 4, 1),
  (45, '平野 健', 37, 'M', 'ken.hirano@example.com', '070-6677-8899', '2013-05-05', 5, 3),
  (46, '上野 未来', 28, 'F', 'mirai.ueno@example.com', '090-7788-9900', '2021-04-04', 1, 1),
  (47, '黒田 智也', 32, 'M', 'tomoya.kuroda@example.com', '080-1122-2233', '2019-09-09', 2, 2),
  (48, '谷口 美佳', 34, 'F', 'mika.taniguchi@example.com', '070-3344-4455', '2017-10-10', 3, 2),
  (49, '久保 優', 39, 'M', 'yu.kubo@example.com', '090-5566-6677', '2011-02-02', 4, 4),
  (50, '大西 菜々美', 25, 'F', 'nanami.onishi@example.com', '080-7788-8899', '2024-01-01', 5, 1);

-- salaries
CREATE TABLE salaries (
  id INTEGER PRIMARY KEY,
  employee_id INTEGER,
  month TEXT,
  amount INTEGER,
  FOREIGN KEY (employee_id) REFERENCES employees(id)
);
INSERT INTO salaries (employee_id, month, amount) VALUES
  (1, '2024-04', 351000),
  (1, '2024-05', 303000),
  (1, '2024-06', 420000),
  (2, '2024-04', 416000),
  (2, '2024-05', 378000),
  (2, '2024-06', 472000),
  (3, '2024-04', 388000),
  (3, '2024-05', 442000),
  (3, '2024-06', 449000),
  (4, '2024-04', 419000),
  (4, '2024-05', 303000),
  (4, '2024-06', 307000),
  (5, '2024-04', 456000),
  (5, '2024-05', 347000),
  (5, '2024-06', 348000),
  (6, '2024-04', 400000),
  (6, '2024-05', 413000),
  (6, '2024-06', 418000),
  (7, '2024-04', 379000),
  (7, '2024-05', 385000),
  (7, '2024-06', 371000),
  (8, '2024-04', 353000),
  (8, '2024-05', 355000),
  (8, '2024-06', 385000),
  (9, '2024-04', 477000),
  (9, '2024-05', 345000),
  (9, '2024-06', 349000),
  (10, '2024-04', 415000),
  (10, '2024-05', 391000),
  (10, '2024-06', 354000),
  (11, '2024-04', 436000),
  (11, '2024-05', 334000),
  (11, '2024-06', 319000),
  (12, '2024-04', 437000),
  (12, '2024-05', 332000),
  (12, '2024-06', 427000),
  (13, '2024-04', 438000),
  (13, '2024-05', 420000),
  (13, '2024-06', 403000),
  (14, '2024-04', 395000),
  (14, '2024-05', 362000),
  (14, '2024-06', 369000),
  (15, '2024-04', 419000),
  (15, '2024-05', 326000),
  (15, '2024-06', 325000),
  (16, '2024-04', 396000),
  (16, '2024-05', 404000),
  (16, '2024-06', 437000),
  (17, '2024-04', 374000),
  (17, '2024-05', 465000),
  (17, '2024-06', 404000),
  (18, '2024-04', 371000),
  (18, '2024-05', 306000),
  (18, '2024-06', 470000),
  (19, '2024-04', 412000),
  (19, '2024-05', 328000),
  (19, '2024-06', 385000),
  (20, '2024-04', 468000),
  (20, '2024-05', 428000),
  (20, '2024-06', 468000),
  (21, '2024-04', 330000),
  (21, '2024-05', 447000),
  (21, '2024-06', 329000),
  (22, '2024-04', 320000),
  (22, '2024-05', 377000),
  (22, '2024-06', 440000),
  (23, '2024-04', 353000),
  (23, '2024-05', 375000),
  (23, '2024-06', 419000),
  (24, '2024-04', 336000),
  (24, '2024-05', 455000),
  (24, '2024-06', 448000),
  (25, '2024-04', 305000),
  (25, '2024-05', 464000),
  (25, '2024-06', 323000),
  (26, '2024-04', 302000),
  (26, '2024-05', 450000),
  (26, '2024-06', 359000),
  (27, '2024-04', 448000),
  (27, '2024-05', 379000),
  (27, '2024-06', 319000),
  (28, '2024-04', 448000),
  (28, '2024-05', 372000),
  (28, '2024-06', 394000),
  (29, '2024-04', 360000),
  (29, '2024-05', 321000),
  (29, '2024-06', 445000),
  (30, '2024-04', 364000),
  (30, '2024-05', 349000),
  (30, '2024-06', 382000),
  (31, '2024-04', 374000),
  (31, '2024-05', 344000),
  (31, '2024-06', 372000),
  (32, '2024-04', 346000),
  (32, '2024-05', 398000),
  (32, '2024-06', 464000),
  (33, '2024-04', 350000),
  (33, '2024-05', 440000),
  (33, '2024-06', 312000),
  (34, '2024-04', 305000),
  (34, '2024-05', 434000),
  (34, '2024-06', 367000),
  (35, '2024-04', 472000),
  (35, '2024-05', 392000),
  (35, '2024-06', 307000),
  (36, '2024-04', 470000),
  (36, '2024-05', 418000),
  (36, '2024-06', 346000),
  (37, '2024-04', 397000),
  (37, '2024-05', 307000),
  (37, '2024-06', 414000),
  (38, '2024-04', 392000),
  (38, '2024-05', 354000),
  (38, '2024-06', 391000),
  (39, '2024-04', 397000),
  (39, '2024-05', 332000),
  (39, '2024-06', 348000),
  (40, '2024-04', 430000),
  (40, '2024-05', 416000),
  (40, '2024-06', 405000),
  (41, '2024-04', 303000),
  (41, '2024-05', 450000),
  (41, '2024-06', 350000),
  (42, '2024-04', 336000),
  (42, '2024-05', 470000),
  (42, '2024-06', 321000),
  (43, '2024-04', 464000),
  (43, '2024-05', 431000),
  (43, '2024-06', 433000),
  (44, '2024-04', 442000),
  (44, '2024-05', 431000),
  (44, '2024-06', 362000),
  (45, '2024-04', 417000),
  (45, '2024-05', 453000),
  (45, '2024-06', 395000),
  (46, '2024-04', 437000),
  (46, '2024-05', 377000),
  (46, '2024-06', 396000),
  (47, '2024-04', 334000),
  (47, '2024-05', 307000),
  (47, '2024-06', 375000),
  (48, '2024-04', 372000),
  (48, '2024-05', 428000),
  (48, '2024-06', 416000),
  (49, '2024-04', 416000),
  (49, '2024-05', 354000),
  (49, '2024-06', 379000),
  (50, '2024-04', 362000),
  (50, '2024-05', 372000),
  (50, '2024-06', 362000);

-- attendance
CREATE TABLE attendance (
  id INTEGER PRIMARY KEY,
  employee_id INTEGER,
  date TEXT,
  clock_in TEXT,
  clock_out TEXT,
  FOREIGN KEY (employee_id) REFERENCES employees(id)
);
INSERT INTO attendance (employee_id, date, clock_in, clock_out) VALUES
 (1, '2024-07-20', '09:02', '18:00'),
  (2, '2024-07-20', '08:57', '17:45'),
  (3, '2024-07-20', '09:15', '18:20'),
  (4, '2024-07-20', '09:00', '17:55'),
  (5, '2024-07-20', '09:10', '18:05'),
  (6, '2024-07-20', '08:50', '17:50'),
  (7, '2024-07-20', '09:00', '18:00'),
  (8, '2024-07-20', '09:05', '18:10'),
  (9, '2024-07-20', '09:01', '17:59'),
  (10, '2024-07-20', '09:00', '18:00'),
  (11, '2024-07-20', '09:12', '18:25'),
  (12, '2024-07-20', '08:58', '17:50'),
  (13, '2024-07-20', '09:03', '18:02'),
  (14, '2024-07-20', '09:00', '17:58'),
  (15, '2024-07-20', '09:06', '18:01'),
  (16, '2024-07-20', '09:04', '17:52'),
  (17, '2024-07-20', '08:59', '17:56'),
  (18, '2024-07-20', '09:07', '18:03'),
  (19, '2024-07-20', '09:00', '18:00'),
  (20, '2024-07-20', '09:08', '18:10'),
  (21, '2024-07-20', '08:55', '17:50'),
  (22, '2024-07-20', '09:11', '18:12'),
  (23, '2024-07-20', '09:00', '17:57'),
  (24, '2024-07-20', '09:02', '18:05'),
  (25, '2024-07-20', '09:09', '18:08'),
  (26, '2024-07-20', '09:03', '18:00'),
  (27, '2024-07-20', '09:10', '18:00'),
  (28, '2024-07-20', '08:52', '17:49'),
  (29, '2024-07-20', '09:05', '18:10'),
  (30, '2024-07-20', '09:06', '18:00'),
  (31, '2024-07-20', '08:59', '17:55'),
  (32, '2024-07-20', '09:04', '18:04'),
  (33, '2024-07-20', '09:01', '17:58'),
  (34, '2024-07-20', '09:02', '18:06'),
  (35, '2024-07-20', '08:57', '17:52'),
  (36, '2024-07-20', '09:00', '18:00'),
  (37, '2024-07-20', '09:08', '18:03'),
  (38, '2024-07-20', '09:00', '18:01'),
  (39, '2024-07-20', '08:56', '17:55'),
  (40, '2024-07-20', '09:02', '18:07'),
  (41, '2024-07-20', '09:01', '18:00'),
  (42, '2024-07-20', '09:03', '18:05'),
  (43, '2024-07-20', '09:06', '18:00'),
  (44, '2024-07-20', '09:00', '18:02'),
  (45, '2024-07-20', '08:58', '17:54'),
  (46, '2024-07-20', '09:07', '18:10'),
  (47, '2024-07-20', '09:00', '18:00'),
  (48, '2024-07-20', '09:04', '18:06'),
  (49, '2024-07-20', '09:10', '18:12'),
  (50, '2024-07-20', '09:00', '17:59');

PRAGMA foreign_keys = ON;
